img,title,img_link
,Regular Show ends tonight.,https://youtu.be/VB5lfOAGKgo
,Li-ion battery with built-in flame retardant could stop battery fires,http://arstechnica.com/gadgets/2017/01/lithium-ion-battery-flame-retardant/
,This guy has his truck painted on his truck,http://imgur.com/LKtSztw
,Renewable Energy Jobs Will Likely Grow By More Than 170% in the Next 10 Years.,http://economicalmillennial.com/renewable-energy-jobs-will-likely-grow-by-more-than-170-in-the-next-10-years/
,Organizations Learn Cheap Tattoo Removal to Help Inmates Get Jobs,http://prizesize.com/organizations-learn-cheap-tattoo-removal-to-help-inmates-get-jobs
,"""Hey, wait up!""",http://i.imgur.com/1rQY6dS.gifv
,"Less Than Jake - ""The Science of Selling Yourself Short"" [ska]",https://www.youtube.com/attribution_link?a=KTviunG7m7g&u=%2Fwatch%3Fv%3DUVl0rdtE9iM%26feature%3Dshare
,Three Trapped Tigers -- Engrams [math rock/electronic/experimental](2016),https://www.youtube.com/watch?v=IV-bAH_FOCg
,"Heroin: Cape Cod, USA (2015) - insightful into how opioids and heroin addiction has affected the small tourist town of Cape Cod. (posted with a fresh link)",https://www.youtube.com/watch?v=dPcG6rMTPrY
,Friedrich Nietzsche: On Why Painful Experiences are Necessary for Our Growth,https://sophiaalisaali.com/2016/12/08/friedrich-nietzsche-on-why-painful-experiences-are-necessary-for-our-growth/
"[{'path': 'full/9e3d889a628ee1502b668e5eafbc6bbf33ec5e20.jpg', 'checksum': '83af416ac52955616a4592a0784eff57', 'url': 'http://i.imgur.com/g1HBiuc.jpg'}]",These trees 'floating' in the entrance of a resort,http://i.imgur.com/g1HBiuc.jpg
"[{'path': 'full/4cc7c6fe5053f9c93f22137fc110464426b6bc04.jpg', 'checksum': 'd32d9409bae67ec9186dff3468f744e0', 'url': 'https://i.reddituploads.com/73ea413bea0b47b2832bbb07a430828c?fit=max&h=1536&w=1536&s=cc8a8681120923b553984e0f3e28a901'}]",Scars on a tree after growing through this fence,https://i.reddituploads.com/73ea413bea0b47b2832bbb07a430828c?fit=max&h=1536&w=1536&s=cc8a8681120923b553984e0f3e28a901
